{
	"partitions" : [
		{
			"name" : "Top",
			"pins" : [
				{
					"name" : "RCO",
					"strict" : false
				},
				{
					"name" : "O[6]",
					"strict" : false
				},
				{
					"name" : "O[5]",
					"strict" : false
				},
				{
					"name" : "O[4]",
					"strict" : false
				},
				{
					"name" : "O[3]",
					"strict" : false
				},
				{
					"name" : "O[2]",
					"strict" : false
				},
				{
					"name" : "O[1]",
					"strict" : false
				},
				{
					"name" : "O[0]",
					"strict" : false
				},
				{
					"name" : "clk",
					"strict" : false
				},
				{
					"name" : "CLR",
					"strict" : false
				}
			]
		}
	]
}